test_id,metric,component,before_bytes,after_bytes,delta_bytes,input_bytes,multiplier,unit,notes
E1-04,persistent_storage,paperless-postgres,71489753,71760089,270336,15128,17.869910,bytes,"DOC-01; pomiar du -sb przed i po zakończeniu taska"
E1-04,persistent_storage,paperless-data,57577,78653,21076,15128,1.393178,bytes,"DOC-01; pomiar du -sb przed i po zakończeniu taska"
E1-04,persistent_storage,paperless-media,0,21196,21196,15128,1.401111,bytes,"DOC-01; oryginał i pochodne; archive_file_name=null"
E1-04,persistent_storage,paperless-valkey,2035,2035,0,15128,0.000000,bytes,"DOC-01; brak widocznej zmiany po zakończeniu taska"
E1-04,persistent_storage,total_measured_volumes,71549365,71861973,312608,15128,20.664199,bytes,"DOC-01; wartość orientacyjna, obejmuje narzut baz i nieatomowy pomiar czterech wolumenów"
E1-05,ocr_duration,paperless-webserver,,,6.808236,3506235,,seconds,"DOC-02; jedna strona A4, obraz bez warstwy tekstowej"
E1-05,ocr_wait,paperless-webserver,,,0.005347,3506235,,seconds,"DOC-02; czas oczekiwania raportowany przez task API v10"
E1-05,cpu_peak,paperless-webserver,,,100.92,3506235,,percent,"DOC-02; maksimum z 3 próbek docker stats, wartość orientacyjna"
E1-05,ram_idle,paperless-webserver,,,676.20,3506235,,MiB,"bezpośrednio przed uploadem DOC-02"
E1-05,ram_peak,paperless-webserver,,,749.40,3506235,,MiB,"DOC-02; maksimum z 3 próbek, przyrost względem idle 73.20 MiB"
E1-05,persistent_storage,paperless-postgres,71907545,71907545,0,3506235,0.000000,bytes,"DOC-02; pomiar du -sb przed i po tasku"
E1-05,persistent_storage,paperless-data,87275,100056,12781,3506235,0.003645,bytes,"DOC-02; pomiar du -sb przed i po tasku"
E1-05,persistent_storage,paperless-media,21196,3593362,3572166,3506235,1.018804,bytes,"DOC-02; oryginał i pochodne"
E1-05,persistent_storage,paperless-valkey,3203,3203,0,3506235,0.000000,bytes,"DOC-02; brak widocznej zmiany po ukończeniu tasku"
E1-05,persistent_storage,total_measured_volumes,72019219,75604166,3584947,3506235,1.022449,bytes,"DOC-02; wartość orientacyjna, obejmuje cztery wolumeny i nieatomowy pomiar"
E1-09a,ocr_duration,paperless-webserver,,,3.157256,1040729,,seconds,"DOC-03; mobilny PNG 768x1024 po usunięciu EXIF"
E1-09a,ocr_wait,paperless-webserver,,,0.063818,1040729,,seconds,"DOC-03; czas oczekiwania raportowany przez task API v10"
E1-09a,persistent_storage,paperless-postgres,71907545,71907545,0,1040729,0.000000,bytes,"DOC-03; pomiar du -sb przed i po tasku"
E1-09a,persistent_storage,paperless-data,112473,124871,12398,1040729,0.011913,bytes,"DOC-03; pomiar du -sb przed i po tasku"
E1-09a,persistent_storage,paperless-media,3593362,4742471,1149109,1040729,1.104139,bytes,"DOC-03; oryginał, archive PDF i miniatura"
E1-09a,persistent_storage,paperless-valkey,4727,4727,0,1040729,0.000000,bytes,"DOC-03; brak widocznej zmiany po ukończeniu tasku"
E1-09a,persistent_storage,total_measured_volumes,75618107,76779614,1161507,1040729,1.116051,bytes,"DOC-03; wartość orientacyjna, obejmuje cztery wolumeny i nieatomowy pomiar"
E1-09b,conversion_duration,paperless-webserver,,,1.424921,8540,,seconds,"DOC-04; task DOCX przez Tika/Gotenberg"
E1-09b,conversion_wait,paperless-webserver,,,0.056812,8540,,seconds,"DOC-04; czas oczekiwania raportowany przez task API v10"
E1-09b,persistent_storage,paperless-postgres,71940313,71973081,32768,8540,3.837002,bytes,"DOC-04; pomiar du -sb przed i po tasku"
E1-09b,persistent_storage,paperless-data,161837,173280,11443,8540,1.339930,bytes,"DOC-04; pomiar du -sb przed i po tasku"
E1-09b,persistent_storage,paperless-media,4742471,4795173,52702,8540,6.171194,bytes,"DOC-04; oryginalny DOCX, archive PDF i miniatura"
E1-09b,persistent_storage,paperless-valkey,2920,2920,0,8540,0.000000,bytes,"DOC-04; brak widocznej zmiany po ukończeniu tasku"
E1-09b,persistent_storage,total_measured_volumes,76847541,76944454,96913,8540,11.348126,bytes,"DOC-04; wartość orientacyjna, obejmuje cztery wolumeny i nieatomowy pomiar"
E1-09c,conversion_duration,paperless-webserver,,,1.694846,5172,,seconds,"DOC-05; task XLSX przez Tika/Gotenberg"
E1-09c,conversion_wait,paperless-webserver,,,0.010634,5172,,seconds,"DOC-05; czas oczekiwania raportowany przez task API v10"
E1-09c,derivative_size,archive-pdf,,,49708,5172,9.610982,bytes,"DOC-05; jednostronicowy archive PDF A4"
E1-09c,derivative_size,thumbnail-webp,,,12340,5172,2.385924,bytes,"DOC-05; miniatura WebP 500x707"
E1-09c,derivative_size,total-archive-and-thumbnail,,,62048,5172,11.996906,bytes,"DOC-05; suma archive PDF i miniatury, bez oryginału i narzutu baz"
E1-09d,ocr_duration,paperless-webserver,,,3.995292,837164,,seconds,"DOC-06; cztery strony A4 200 dpi bez warstwy tekstowej; próba wstępna, materiał rastrowy nie jest skanem papieru"
E1-09d,ocr_wait,paperless-webserver,,,0.053229,837164,,seconds,"DOC-06; czas oczekiwania raportowany przez task API v10"
E1-09d,cpu_peak,paperless-webserver,,,389.24,837164,,percent,"DOC-06; maksimum z 40 próbek docker stats co ok. 1 s; host ma 4 vCPU, OCR używa wielu rdzeni"
E1-09d,ram_idle,paperless-webserver,,,894.30,837164,,MiB,"DOC-06; bezpośrednio przed uploadem"
E1-09d,ram_peak,paperless-webserver,,,1099.78,837164,,MiB,"DOC-06; maksimum z 40 próbek, przyrost względem idle 205.48 MiB"
E1-09d,persistent_storage,paperless-postgres,71989465,72038617,49152,837164,0.058713,bytes,"DOC-06; pomiar du -sb przed i po tasku"
E1-09d,persistent_storage,paperless-data,241502,262852,21350,837164,0.025503,bytes,"DOC-06; pomiar du -sb przed i po tasku"
E1-09d,persistent_storage,paperless-media,4862393,6412486,1550093,837164,1.851600,bytes,"DOC-06; oryginał, archive PDF i miniatura"
E1-09d,persistent_storage,paperless-valkey,7292,7292,0,837164,0.000000,bytes,"DOC-06; brak widocznej zmiany po ukończeniu tasku"
E1-09d,persistent_storage,total_measured_volumes,77100652,78721247,1620595,837164,1.935815,bytes,"DOC-06; wartość orientacyjna, obejmuje cztery wolumeny i nieatomowy pomiar"
E1-09d,derivative_size,archive-pdf,,,693601,837164,0.828513,bytes,"DOC-06; czterostronicowy archive PDF A4 z warstwą tekstową OCR"
E1-09d,derivative_size,thumbnail-webp,,,19328,837164,0.023087,bytes,"DOC-06; miniatura WebP 500x707"
E1-09d,derivative_size,total-archive-and-thumbnail,,,712929,837164,0.851600,bytes,"DOC-06; suma archive PDF i miniatury, bez oryginału i narzutu baz"
E1-11b,task_duration,paperless-webserver,,,0.225974,13354,,seconds,"DOC-08; uszkodzony PDF, task zakończony statusem failure"
E1-11b,task_wait,paperless-webserver,,,0.059202,13354,,seconds,"DOC-08; czas oczekiwania raportowany przez task API v10"
E1-11c,task_duration,paperless-webserver,,,0.606017,24232,,seconds,"DOC-09A; PDF z warstwą tekstową, bez OCR"
E1-11c,task_wait,paperless-webserver,,,0.058267,24232,,seconds,"DOC-09A; czas oczekiwania raportowany przez task API v10"
E1-11c,task_duration,paperless-webserver,,,0.639460,24232,,seconds,"DOC-09B; duplikat binarny, przetworzony jak nowy dokument"
E1-11c,task_wait,paperless-webserver,,,0.059456,24232,,seconds,"DOC-09B; czas oczekiwania raportowany przez task API v10"
E1-10pl,task_duration,paperless-webserver,,,0.538478,23981,,seconds,"DOC-10; PDF z polskimi znakami w nazwie, tytule i treści"
E1-10pl,task_wait,paperless-webserver,,,0.007707,23981,,seconds,"DOC-10; czas oczekiwania raportowany przez task API v10"
E1-11d,task_duration,paperless-webserver,,,0.030266,24232,,seconds,"DOC-09B-REJECT-TRUE; duplikat odrzucony w preflightcie, task failure, żaden rekord nie powstał"
E1-11d,task_wait,paperless-webserver,,,0.005599,24232,,seconds,"DOC-09B-REJECT-TRUE; czas oczekiwania raportowany przez task API v10"
E1-11d,upload_duration,paperless-webserver,,,0.288919,24232,,seconds,"DOC-09B-REJECT-TRUE; czas żądania POST /api/documents/post_document/"
E1-11d,service_recreate,paperless-webserver,,,6.598,,,seconds,"odtworzenie kontenera przez up -d --no-deps --force-recreate webserver"
E1-11d,service_downtime_to_healthy,paperless-webserver,,,36.765,,,seconds,"od rozpoczęcia odtwarzania do stanu healthy przy włączaniu odrzucania duplikatów"
E1-11d,service_downtime_to_http200,paperless-webserver,,,40.119,,,seconds,"od rozpoczęcia odtwarzania do pierwszej odpowiedzi 200 z /api/status/; górne ograniczenie niedostępności"
E1-11d,service_downtime_to_healthy,paperless-webserver,,,36.604,,,seconds,"rollback do konfiguracji domyślnej; ponowne odtworzenie webservera"
E1-11d,document_count,paperless-postgres,9,9,0,24232,0.000000,count,"liczba aktywnych dokumentów przed i po próbie duplikatu przy DELETE_DUPLICATES=true"
E1-13,service_downtime_to_http200,paperless-webserver,,,26,,,seconds,"odtworzenie webservera w trakcie OCR; do pierwszej uwierzytelnionej odpowiedzi 200 z /api/status/"
E1-13,service_downtime_to_healthy,paperless-webserver,,,44,,,seconds,"odtworzenie webservera w trakcie OCR; do stanu healthy"
E1-13,worker_processes,paperless-webserver,6,6,0,,,count,"procesy celery, document_consumer i granian przed i po restarcie"
E1-13,document_count,paperless-postgres,9,9,0,5032237,0.000000,count,"restart w trakcie OCR: dokument nie powstał, zadanie zostało w stanie started"
E1-14,broker_memory_limit,valkey-isolated,,,3145728,,,bytes,"maxmemory ustawiony na izolowanym brokerze; polityka noeviction"
E1-14,writes_before_oom,valkey-isolated,,,24,,,count,"zapisy 64 KiB przyjete przed OOM command not allowed"
E1-14,evicted_keys_noeviction,valkey-isolated,0,0,0,,,count,"brak cichej utraty danych przy noeviction"
E1-14,evicted_keys_allkeys_lru,valkey-isolated,0,51,51,,,count,"kontrast: polityka eksmisji usuwa dane bez bledu"
E1-15a,broker_used_memory,valkey-paperless,,,2463880,,,bytes,"used_memory brokera Paperless w spoczynku"
E1-15a,broker_keys,valkey-paperless,,,12,,,count,"liczba kluczy Paperless w brokerze"
E1-15c,broker_used_memory_idle,valkey-core-split,,,944672,,,bytes,"used_memory pustej drugiej instancji Valkey"
E1-15c,container_rss_idle,valkey-core-split,,,6385664,,,bytes,"RSS kontenera drugiej instancji Valkey w spoczynku (6.09 MiB)"
E1-15c,container_rss_idle,valkey-paperless,,,18130534,,,bytes,"RSS kontenera brokera Paperless (17.29 MiB)"
E1-15c,scenario_duration,bullmq-shared,,,21,,,seconds,"szesc scenariuszy E1-15b na wspolnym brokerze"
E1-15c,scenario_duration,bullmq-split,,,24,,,seconds,"szesc scenariuszy E1-15b na osobnym brokerze"
E3A,export_size,paperless-export,,,6946464,,,bytes,"pelny document_exporter 3.0.4 z --compare-checksums; 27 plikow, 10 dokumentow z koszem"
E3B,freeze_duration,paperless-webserver,,,38,,,seconds,"czas zamrozenia zapisow przy budowie zestawu DR"
E3B,dataset_size,dr-set,,,6946464,,,bytes,"zamrozony zestaw DR: dumpy obu baz, media, assety, konfiguracja, manifest"
E3B,pg_dump_size,paperless-postgres,,,359543,,,bytes,"logiczny dump pg_dump -Fc bazy Paperless"
E3B,pg_dump_size,core-fixture-postgres,,,5687,,,bytes,"logiczny dump pg_dump -Fc bazy core_fixture"
E3-trials,backup_duration,restic,,,0.80,,,seconds,"backup zestawu DR do czystego repozytorium"
E3-trials,backup_duration,borg,,,0.26,,,seconds,"backup zestawu DR do czystego repozytorium"
E3-trials,restore_duration,restic,,,0.74,,,seconds,"pelny restore zestawu DR"
E3-trials,restore_duration,borg,,,0.19,,,seconds,"pelny extract zestawu DR"
E3-trials,repository_size,restic,,,6351335,6946464,0.914326,bytes,"repozytorium po backupie zestawu DR"
E3-trials,repository_size,borg,,,6382907,6946464,0.918871,bytes,"repozytorium po backupie zestawu DR"
E3-trials,manual_steps,restic,,,1,,,count,"restic unlock po przerwanym backupie"
E3-trials,manual_steps,borg,,,3,,,count,"break-lock, compact po prune, zgoda na przeniesienie repozytorium"
